topic_id,topic_name,documents,percentage,keywords,theme,distress_type,top_subreddit,top_lifecycle
2,"din, baad, saal, mei",4770,6.77,"din, baad, saal, mei, baat, agar, bc, itna, hain, ghar",General Venting,Coping Expression,JEENEETards,competitive_exam
0,"dsa, leetcode, coding, learn",3398,4.82,"dsa, leetcode, coding, learn, learning, code, web, python, projects, development","Careers, Placements & Jobs",Career Distress,developersIndia,undergraduate
10,"cat, mba, iim, profile",3366,4.78,"cat, mba, iim, profile, job, work, gap, percentile, college, calls",Higher Studies & Global Mobility,Career Distress,CATpreparation,competitive_exam
37,"engineering, semester, classes, school",3184,4.52,"engineering, semester, classes, school, ve, don, degree, class, work, gpa",College & Academic Decisions,Informational / Low-Distress,EngineeringStudents,undergraduate
39,"jee, school, parents, started",2908,4.13,"jee, school, parents, started, didn, class, coaching, life, don, study",Entrance Exam Preparation,Academic Distress,JEENEETards,competitive_exam
4,"lpa, company, role, offer",2763,3.92,"lpa, company, role, offer, work, job, companies, switch, salary, experience","Careers, Placements & Jobs",Career Distress,developersIndia,career
3,"upsc, prelims, attempt, exam",2758,3.92,"upsc, prelims, attempt, exam, preparation, job, mains, preparing, clear, don",Entrance Exam Preparation,Academic Distress,UPSC,competitive_exam
12,"boards, marks, board, paper",2704,3.84,"boards, marks, board, paper, maths, exam, english, hindi, pre, cbse",Entrance Exam Preparation,Academic Distress,CBSE,school
5,"branch, cse, college, nit",2485,3.53,"branch, cse, college, nit, ece, core, branches, colleges, rank, placements",College & Academic Decisions,Informational / Low-Distress,Btechtards,undergraduate
8,"sir, maths, hain, physics",2432,3.45,"sir, maths, hain, physics, lectures, backlog, chem, chemistry, aata, karna",Coaching & Study Resources,Academic Distress,JEENEETards,competitive_exam
16,"drop, jee, college, percentile",2322,3.3,"drop, jee, college, percentile, mains, jee mains, partial, attempt, ile, dropper",Entrance Exam Preparation,Academic Distress,JEENEETards,competitive_exam
7,"internship, resume, job, experience",2250,3.19,"internship, resume, job, experience, summer, internships, work, skills, engineering, gpa","Careers, Placements & Jobs",Career Distress,EngineeringStudents,undergraduate
1,"gate, mtech, exam, gate exam",2119,3.01,"gate, mtech, exam, gate exam, job, cse, college, da, prepare, iit",Higher Studies & Global Mobility,Career Distress,GATEtard,career
13,"india, abroad, masters, university",1960,2.78,"india, abroad, masters, university, germany, myqualifications, visa, job, uk, degree",Higher Studies & Global Mobility,Career Distress,Indians_StudyAbroad,higher_education
35,"physics, chemistry, maths, chapters",1880,2.67,"physics, chemistry, maths, chapters, class, chem, pyqs, questions, syllabus, backlog",Entrance Exam Preparation,Academic Distress,JEENEETards,competitive_exam
9,"cat, varc, mocks, dilr",1815,2.58,"cat, varc, mocks, dilr, quants, mock, questions, qa, score, xat",Entrance Exam Preparation,Academic Distress,CATpreparation,competitive_exam
26,"friends, life, college, don",1781,2.53,"friends, life, college, don, talk, friend, group, lonely, social, study",Mental Health & Wellbeing,Emotional Distress,Btechtards,competitive_exam
34,"sleep, study, hours, anxiety",1533,2.18,"sleep, study, hours, anxiety, stress, don, exam, studying, feeling, brain",Mental Health & Wellbeing,Emotional Distress,JEENEETards,competitive_exam
6,"bsdk, padhle, padhle bsdk, stress",1510,2.14,"bsdk, padhle, padhle bsdk, stress, suicidal, depressed, depression, anxiety, shear, stresses",Mental Health & Wellbeing,Emotional Distress,JEENEETards,competitive_exam
23,"company, interview, hr, ghosted",1469,2.09,"company, interview, hr, ghosted, round, offer, job, manager, companies, interviews","Careers, Placements & Jobs",Career Distress,developersIndia,career
15,"modules, books, book, cengage",1420,2.02,"modules, books, book, cengage, hcv, allen, jee, pdf, physics, pyqs",Coaching & Study Resources,Informational / Low-Distress,JEENEETards,competitive_exam
17,"results, cbse, result, release",1370,1.95,"results, cbse, result, release, date, tomorrow, today, digilocker, anxiety, news",Coaching & Study Resources,Academic Distress,CBSE,school
21,"commerce, science, stream, pcm",1350,1.92,"commerce, science, stream, pcm, maths, humanities, school, don, subjects, choose",College & Academic Decisions,Informational / Low-Distress,CBSE,school
18,"advanced, jee advanced, jee, adv",1306,1.85,"advanced, jee advanced, jee, adv, jee adv, mains, advance, jee advance, fucked, jee mains",Entrance Exam Preparation,Academic Distress,JEENEETards,competitive_exam
28,"engineering, computer, electrical, major",1288,1.83,"engineering, computer, electrical, major, ee, mechanical, degree, coding, cs, software",College & Academic Decisions,Informational / Low-Distress,EngineeringStudents,undergraduate
25,"coaching, online, offline, batch",1222,1.74,"coaching, online, offline, batch, allen, pw, offline coaching, jee, teachers, online coaching",Coaching & Study Resources,Institutional Distress,JEENEETards,competitive_exam
11,"wasted, poll, view poll, view",1133,1.61,"wasted, poll, view poll, view, barbaad, jee, canon, syllabus, canon event, event",Coping & Meme Culture,Coping Expression,JEENEETards,competitive_exam
36,"cgpa, sem, semester, college",1107,1.57,"cgpa, sem, semester, college, backlogs, placements, backlog, tier, placement, exams",College & Academic Decisions,Academic Distress,Btechtards,undergraduate
31,"neet, bsc, pcb, mbbs",1026,1.46,"neet, bsc, pcb, mbbs, career, myquals, don, doctor, parents, college",Entrance Exam Preparation,Academic Distress,Indian_Academia,undergraduate
33,"exam, card, admit card, admit",995,1.41,"exam, card, admit card, admit, centre, form, center, invigilator, certificate, paper",Coaching & Study Resources,Institutional Distress,JEENEETards,competitive_exam
29,"ece, cse, vs, btech",962,1.37,"ece, cse, vs, btech, btech cse, core, cs, eee, ai, specialization",College & Academic Decisions,Informational / Low-Distress,Btechtards,undergraduate
14,"hopium, copium, prodijee, percentile",959,1.36,"hopium, copium, prodijee, percentile, marks, dedo, shift, lelo, ile, hopium dedo",Coping & Meme Culture,Coping Expression,JEENEETards,competitive_exam
32,"improvement, compartment, improvement exam, exam",856,1.22,"improvement, compartment, improvement exam, exam, cbse, nios, pcm, board, marks, subjects",Entrance Exam Preparation,Academic Distress,JEENEETards,competitive_exam
24,"cooked, marks, chat, shift",836,1.19,"cooked, marks, chat, shift, maths, boards, jee, physics, exam, percentile",Coping & Meme Culture,Coping Expression,JEENEETards,competitive_exam
38,"bitsat, test series, series, test",794,1.13,"bitsat, test series, series, test, mathongo, jee, tests, mains, mathongo test, allen",Entrance Exam Preparation,Academic Distress,JEENEETards,competitive_exam
27,"partial, partial drop, drop, dropper",767,1.09,"partial, partial drop, drop, dropper, double, double dropper, droppers, double droppers, jee, double drop",Entrance Exam Preparation,Academic Distress,JEENEETards,competitive_exam
20,"tcs, nqt, tcs nqt, ninja",748,1.06,"tcs, nqt, tcs nqt, ninja, digital, joining, offer, prime, tcs ninja, tcs digital","Careers, Placements & Jobs",Career Distress,developersIndia,career
19,"p1, p2, interview, told",649,0.92,"p1, p2, interview, told, answered, m1, answer, m2, questions, sir","Careers, Placements & Jobs",Career Distress,CATpreparation,competitive_exam
30,"chud, guru, lag, rassi",608,0.86,"chud, guru, lag, rassi, barbaad, bc, dimag kharab, kharab, dimag, laude lag",Coping & Meme Culture,Coping Expression,JEENEETards,competitive_exam
22,"daddy, alecc, alecc daddy, anup",544,0.77,"daddy, alecc, alecc daddy, anup, anup daddy, sir, nishant, alakh, pw, sub",Coping & Meme Culture,Coping Expression,JEENEETards,competitive_exam
40,"fiitjee, aits, teachers, centre",498,0.71,"fiitjee, aits, teachers, centre, fiitjee aits, aakash, delhi, noida, test, closed",Coaching & Study Resources,Institutional Distress,JEENEETards,competitive_exam
