topic_id,topic_name,documents,percentage,keywords,theme,distress_type,top_subreddit,top_lifecycle,c_v,mean_confidence,most_distinctive_keywords
6,"bsdk, padhle, padhle bsdk, stress",1510,2.14,"bsdk, padhle, padhle bsdk, stress, suicidal, depressed, depression, anxiety, shear, stresses",Mental Health & Wellbeing,Emotional Distress,JEENEETards,competitive_exam,0.3011,0.6895,"bsdk, padhle, padhle bsdk"
11,"wasted, poll, view poll, view",1133,1.61,"wasted, poll, view poll, view, barbaad, jee, canon, syllabus, canon event, event",Coping & Meme Culture,Coping Expression,JEENEETards,competitive_exam,0.32,0.6939,"wasted, poll, view poll"
40,"fiitjee, aits, teachers, centre",498,0.71,"fiitjee, aits, teachers, centre, fiitjee aits, aakash, delhi, noida, test, closed",Coaching & Study Resources,Institutional Distress,JEENEETards,competitive_exam,0.4054,0.7093,"fiitjee, aits, teachers"
30,"chud, guru, lag, rassi",608,0.86,"chud, guru, lag, rassi, barbaad, bc, dimag kharab, kharab, dimag, laude lag",Coping & Meme Culture,Coping Expression,JEENEETards,competitive_exam,0.4724,0.7031,"chud, guru, lag"
14,"hopium, copium, prodijee, percentile",959,1.36,"hopium, copium, prodijee, percentile, marks, dedo, shift, lelo, ile, hopium dedo",Coping & Meme Culture,Coping Expression,JEENEETards,competitive_exam,0.4972,0.7132,"hopium, copium, prodijee"
24,"cooked, marks, chat, shift",836,1.19,"cooked, marks, chat, shift, maths, boards, jee, physics, exam, percentile",Coping & Meme Culture,Coping Expression,JEENEETards,competitive_exam,0.5023,0.7253,"cooked, marks, chat"
39,"jee, school, parents, started",2908,4.13,"jee, school, parents, started, didn, class, coaching, life, don, study",Entrance Exam Preparation,Academic Distress,JEENEETards,competitive_exam,0.5055,0.7461,"jee, school, parents"
22,"daddy, alecc, alecc daddy, anup",544,0.77,"daddy, alecc, alecc daddy, anup, anup daddy, sir, nishant, alakh, pw, sub",Coping & Meme Culture,Coping Expression,JEENEETards,competitive_exam,0.5268,0.7612,"daddy, alecc, alecc daddy"
17,"results, cbse, result, release",1370,1.95,"results, cbse, result, release, date, tomorrow, today, digilocker, anxiety, news",Coaching & Study Resources,Academic Distress,CBSE,school,0.5422,0.7169,"results, cbse, result"
26,"friends, life, college, don",1781,2.53,"friends, life, college, don, talk, friend, group, lonely, social, study",Mental Health & Wellbeing,Emotional Distress,Btechtards,competitive_exam,0.5524,0.7314,"friends, life, college"
