topic_id,keywords,scores
0,"engineering, you, that, the, to, of, and, it, an, degree","0.0156, 0.0099, 0.0087, 0.0086, 0.0084, 0.0083, 0.0082, 0.0082, 0.0081, 0.0079"
1,"main, hu, bhi, toh, bhai, nahi, raha, tha, hai, hi","0.0957, 0.0373, 0.0153, 0.0146, 0.0141, 0.0134, 0.0131, 0.013, 0.0122, 0.011"
2,"jpeg, widt, redd, https, it, strong, stay, brother, this, bro","0.3037, 0.2361, 0.2361, 0.2339, 0.0472, 0.0111, 0.0106, 0.0046, 0.0039, 0.0036"
3,"png, redd, widt, https, it, enabled, strong, हर, stay, this","0.3024, 0.2326, 0.2326, 0.2301, 0.0465, 0.0084, 0.0048, 0.0048, 0.0041, 0.0035"
4,"ki, hai, aur, nahi, bhi, se, ke, kar, ko, toh","0.0161, 0.0157, 0.0156, 0.0154, 0.0135, 0.0123, 0.0121, 0.0121, 0.0119, 0.0112"
5,"dsa, java, ai, learn, python, dev, leetcode, projects, code, web","0.0237, 0.015, 0.0149, 0.0142, 0.0141, 0.0139, 0.0135, 0.0132, 0.0114, 0.0103"
6,"percentile, ile, 75, 90, par, 99, marks, kitni, bhai, hai","0.0982, 0.044, 0.0247, 0.0208, 0.0159, 0.0159, 0.0155, 0.0155, 0.0144, 0.0141"
7,"pyqs, maths, physics, questions, chapters, chem, solve, chemistry, for, mains","0.0155, 0.0137, 0.0124, 0.0122, 0.0117, 0.0107, 0.0099, 0.0098, 0.0095, 0.0093"
8,"job, company, interview, resume, offer, interviews, companies, you, they, the","0.0172, 0.0152, 0.0111, 0.0095, 0.0094, 0.0093, 0.0092, 0.0091, 0.0088, 0.0088"
9,"remindme, remind, days, hours, me, months, day, 66days, 66, mein","0.4072, 0.291, 0.1786, 0.0647, 0.0642, 0.0554, 0.042, 0.0319, 0.0257, 0.0238"
10,"kya, kitne, bhai, hai, kaisa, ye, tu, hua, hota, tere","0.122, 0.0639, 0.031, 0.029, 0.025, 0.0237, 0.0219, 0.0164, 0.016, 0.0132"
11,"daddy, alecc, alec, allec, pandey, alakh, almighty, anup, sir, allecc","0.2455, 0.1455, 0.0409, 0.0376, 0.0234, 0.022, 0.0187, 0.0179, 0.0153, 0.012"
12,"thanks, bhaiya, thank, congrats, bhai, congratulations, ok, acha, much, liye","0.1087, 0.0782, 0.0558, 0.048, 0.0376, 0.0264, 0.0186, 0.0145, 0.0125, 0.0116"
13,"college, konsa, hai, admission, mein, bhai, nahi, se, kaunsa, koi","0.0791, 0.0425, 0.0166, 0.0163, 0.0141, 0.013, 0.0121, 0.0115, 0.0114, 0.0112"
14,"29, s1, 22, 27, 27s1, 28, 22s1, 23, 24s2, s2","0.0455, 0.045, 0.0449, 0.0401, 0.0397, 0.0382, 0.0382, 0.0363, 0.0362, 0.0357"
15,"no, dont, never, don, they, not, dumb, his, one, him","0.0271, 0.0186, 0.0141, 0.0138, 0.0138, 0.0131, 0.0126, 0.0116, 0.0116, 0.0113"
16,"hopium, copium, prodijee, hai, raha, ye, bhai, par, pure, toh","0.1933, 0.1045, 0.0607, 0.0136, 0.0136, 0.012, 0.0115, 0.0105, 0.0099, 0.0099"
17,"karte, karne, phone, youtube, karta, hai, ke, ko, ka, logo","0.0611, 0.0352, 0.0332, 0.0209, 0.0192, 0.0167, 0.0161, 0.0157, 0.0127, 0.0123"
18,"2024, 2023, 2025, 2022, 2026, 2021, tha, jee, ka, paper","0.0747, 0.0687, 0.0442, 0.0344, 0.021, 0.0203, 0.0113, 0.011, 0.0107, 0.0092"
19,"bhai, mujhe, hogaya, dede, hoga, gaya, nahi, sach, haan, de","0.0608, 0.035, 0.0277, 0.026, 0.0257, 0.0251, 0.0232, 0.0227, 0.0215, 0.0205"
20,"dropper, drop_year, hu, droppers, double_dropper, batch, bhai, bhi, hai, main","0.145, 0.0432, 0.0223, 0.0208, 0.0136, 0.0135, 0.0123, 0.0122, 0.0121, 0.0115"
21,"approve, tejuuuop, nothisisted, mrumeshmidha, cprabud, coach_saab, jeenedo, deceptivesiteahead, mystic1869, please","0.4338, 0.2728, 0.144, 0.1205, 0.1059, 0.1004, 0.073, 0.0727, 0.0715, 0.0672"
22,"sir, alakh, anup, ashish, abj, nv, se, jindal, lectures, skm","0.1624, 0.026, 0.0205, 0.0197, 0.0158, 0.0157, 0.0148, 0.0133, 0.0124, 0.012"
23,"nallabot, antinallabot, self, anti, banned, summary, naphthaleneballs, anuprocks, nullabot, kalpadhlunga","3.0379, 0.1013, 0.0847, 0.0424, 0.0247, 0.022, 0.0195, 0.0195, 0.0195, 0.0195"
24,"got, percentile, scored, 99, marks, in, attempt, was, shift, ile","0.0234, 0.0169, 0.0143, 0.0141, 0.0139, 0.0133, 0.0125, 0.0124, 0.0109, 0.0109"
25,"calc, math, calculus, algebra, the, class, statics, and, classes, it","0.0405, 0.0191, 0.0182, 0.0163, 0.0104, 0.01, 0.01, 0.0093, 0.0085, 0.0085"
26,"same, situation, exact, bro, story, here, similar, am, the, in","0.0979, 0.0586, 0.0176, 0.0151, 0.0145, 0.0144, 0.0136, 0.0116, 0.0116, 0.0101"
27,"jee, drop, in, my, and, for, take, if, not, but","0.0114, 0.0106, 0.0086, 0.0085, 0.008, 0.0079, 0.0077, 0.0074, 0.0074, 0.0073"
28,"colleges, dtu, vit, cse, bits, nits, iiit, delhi, placements, nsut","0.0274, 0.0211, 0.0198, 0.0184, 0.0173, 0.0157, 0.0154, 0.0134, 0.013, 0.0127"
29,"saal, bar, ek, hai, mahine, se, tha, nahi, pichle, hi","0.073, 0.034, 0.0212, 0.0156, 0.0151, 0.0142, 0.0142, 0.0141, 0.0137, 0.0131"
30,"98, dikha, 97, 99, 96, par, 94, 93, raha, 95","0.0922, 0.072, 0.0684, 0.0671, 0.0481, 0.0379, 0.0333, 0.0316, 0.0284, 0.0272"
31,"offline, online, coaching, pw, dummy, join, hai, allen, teachers, nahi","0.0686, 0.0669, 0.0361, 0.0138, 0.013, 0.0112, 0.0102, 0.01, 0.0099, 0.0092"
32,"best, luck, bhai, all, proud, good, the, phod, acha, of","0.0987, 0.0548, 0.0418, 0.0393, 0.0137, 0.0136, 0.0124, 0.0124, 0.0111, 0.0104"
33,"https, widt, redd, png, jpeg, gif, it, ye, bhai, raha","0.1518, 0.1294, 0.1294, 0.0916, 0.0747, 0.0646, 0.0255, 0.0156, 0.0129, 0.0126"
34,"india, country, in, mumbai, germany, salary, is, abroad, german, money","0.0274, 0.0134, 0.0112, 0.0106, 0.0104, 0.0101, 0.0097, 0.0095, 0.0085, 0.0082"
35,"reddit, par, sitewide, reddiquette, etiquette, insta, hai, hu, se, follow","0.1447, 0.0221, 0.0147, 0.0147, 0.0135, 0.0125, 0.0101, 0.009, 0.0089, 0.0087"
36,"thanks, thank, will, ll, try, definitely, surely, check, for, suggestion","0.0714, 0.0434, 0.0416, 0.0413, 0.0333, 0.0251, 0.0221, 0.016, 0.0151, 0.0138"
37,"internship, job, experience, internships, an, resume, you, that, to, of","0.0261, 0.0142, 0.0136, 0.0135, 0.0126, 0.0089, 0.0088, 0.0086, 0.008, 0.0079"
38,"instagram, insta, deleted, account, reels, reddit, downvoted, post, banned, posts","0.0391, 0.0339, 0.0334, 0.0299, 0.0221, 0.0204, 0.0169, 0.0161, 0.0151, 0.0146"
39,"comeback, downfall, cumback, academic, nahi, hai, hi, raha, dum, bhai","0.1071, 0.0513, 0.0419, 0.0257, 0.0153, 0.0138, 0.0135, 0.0132, 0.013, 0.0129"
40,"din, 30, baje, abhi, hrs, tak, se, hr, hu, subah","0.0426, 0.0286, 0.0216, 0.02, 0.0184, 0.0168, 0.0158, 0.0153, 0.0152, 0.0152"
41,"meri, hai, thi, bhi, bhai, gayi, rahi, toh, nahi, ki","0.1589, 0.0192, 0.0183, 0.017, 0.0151, 0.0143, 0.0124, 0.0112, 0.011, 0.0108"
42,"raha, lag, kyu, bol, hai, hu, bhai, chal, nahi, aa","0.106, 0.0376, 0.0375, 0.0249, 0.024, 0.0188, 0.0183, 0.0163, 0.0157, 0.0141"
43,"theek, sahi, hai, baat, bhai, ye, yeh, sab, toh, hota","0.0962, 0.0559, 0.0421, 0.0342, 0.0256, 0.0249, 0.0178, 0.0174, 0.0163, 0.0156"
44,"strong, stay, brother, keep, fine, will, give, hope, shall, up","0.0623, 0.0621, 0.038, 0.03, 0.016, 0.0143, 0.0141, 0.0124, 0.011, 0.0108"
45,"kar, raha, bhai, sakte, tu, abhi, hai, kya, mat, diya","0.1067, 0.0311, 0.0205, 0.0188, 0.0169, 0.0158, 0.0157, 0.0153, 0.0141, 0.0122"
46,"gpa, that, your, grades, at, with, my, school, resume, you","0.0592, 0.0104, 0.0094, 0.0092, 0.009, 0.009, 0.0089, 0.0088, 0.0086, 0.0084"
47,"hai, toh, ho, bhai, nahi, koi, hi, wala, galat, ka","0.0238, 0.0223, 0.0209, 0.0195, 0.0187, 0.0163, 0.0159, 0.0159, 0.0154, 0.0146"
48,"fuck, nta, fucked, fucking, shit, up, bitch, hell, holy, man","0.1164, 0.0679, 0.0354, 0.0262, 0.0233, 0.0164, 0.0129, 0.0128, 0.0107, 0.0095"
49,"removed, comment, memes, comments, total, here, submission, stats, post, beep","0.0592, 0.0438, 0.0424, 0.0405, 0.0326, 0.0325, 0.0276, 0.0262, 0.0248, 0.0228"
50,"branch, iiit, manipal, iit, cse, institute, technology, nit, which, ece","0.1367, 0.0478, 0.0365, 0.0251, 0.0231, 0.0219, 0.0191, 0.0168, 0.0161, 0.0155"
51,"height, girls, short, weight, tall, guys, insecure, 6ft, taller, inches","0.084, 0.0351, 0.0209, 0.0166, 0.0159, 0.0139, 0.0132, 0.0121, 0.0114, 0.0099"
52,"cooked, cook, fried, roasted, deep, cooking, bro, we_are_cooked, am, are","0.2454, 0.0498, 0.0378, 0.0174, 0.0156, 0.015, 0.0141, 0.0131, 0.0113, 0.011"
53,"shift, rank, konsi, marks, kitne, thi, kitni, bhai, hai, par","0.1368, 0.0798, 0.0465, 0.0391, 0.0325, 0.0204, 0.0161, 0.0155, 0.0122, 0.0117"
54,"iit, iits, in, are, from, cs, cse, get, btech, is","0.0275, 0.0156, 0.0097, 0.0096, 0.0094, 0.0087, 0.0086, 0.0084, 0.0083, 0.0079"
55,"mental, depression, health, doctor, help, therapist, anxiety, ocd, psychiatrist, meds","0.0224, 0.02, 0.0195, 0.0163, 0.0149, 0.0119, 0.0114, 0.0112, 0.0111, 0.0103"
56,"thank, this, made, thanks, better, really, mein, lot, much, helped","0.0506, 0.0203, 0.0179, 0.0175, 0.0155, 0.0153, 0.015, 0.0143, 0.0142, 0.0139"
57,"shanti, om, strong, family, stay, care, peace, brother, soul, proud","0.1202, 0.1185, 0.0372, 0.029, 0.0268, 0.0259, 0.0221, 0.0198, 0.018, 0.0171"
58,"mil, mile, jayega, jayegi, nit, bhi, jaye, mujhe, hai, toh","0.1331, 0.0382, 0.0172, 0.0163, 0.0154, 0.0148, 0.0146, 0.0146, 0.0143, 0.014"
59,"card, admit, certificate, form, aadhar, marksheet, password, central, name, photo","0.0821, 0.0546, 0.0521, 0.0265, 0.0248, 0.0188, 0.0178, 0.0176, 0.0167, 0.0148"
60,"easy, tough, shift, paper, moderate, tha, thi, easiest, lengthy, maths","0.1125, 0.0362, 0.0305, 0.0242, 0.0193, 0.0185, 0.0148, 0.0126, 0.0118, 0.011"
61,"he, guy, his, him, gay, lol, is, was, looks, this","0.0876, 0.0293, 0.0289, 0.0259, 0.0135, 0.0128, 0.0113, 0.0094, 0.0088, 0.0086"
62,"subject, message, 2f, 21, delete, 0a, 0aremindme, 5d, reminder, 20comment","0.1474, 0.1434, 0.1235, 0.1173, 0.1058, 0.0912, 0.0912, 0.0912, 0.089, 0.0532"
63,"same, mera, bhi, bhai, haal, mere, hai, halat, tha, gaya","0.1318, 0.0578, 0.0272, 0.026, 0.0233, 0.0177, 0.0175, 0.0138, 0.0111, 0.0097"
64,"advice, respect, post, great, nice, quality, good, deserve, reply, awesome","0.0792, 0.0505, 0.049, 0.027, 0.026, 0.0186, 0.0174, 0.0166, 0.0145, 0.0138"
65,"she, her, life, parents, ki, nahi, hai, but, bhi, and","0.0119, 0.01, 0.0093, 0.009, 0.0082, 0.0069, 0.0067, 0.0064, 0.0061, 0.0059"
66,"syllabus, maths, complete, kitna, hai, tha, ka, khatam, bhai, kiya","0.1126, 0.04, 0.0291, 0.0253, 0.0117, 0.0097, 0.0097, 0.0092, 0.0089, 0.0088"
67,"talk, dm, dms, open, help, mein, want, if, can, free","0.053, 0.0433, 0.042, 0.0335, 0.022, 0.0207, 0.0205, 0.0204, 0.0198, 0.0188"
68,"thank, thankyou, much, man, thanks, so, welcome, words, kind, you","0.1621, 0.0533, 0.052, 0.0339, 0.0338, 0.0337, 0.0326, 0.0278, 0.0268, 0.0235"
69,"friends, people, them, with, you, and, they, have, college, to","0.0206, 0.0124, 0.0118, 0.0089, 0.0086, 0.0084, 0.0084, 0.0081, 0.008, 0.0077"
70,"lakh, fees, hai, loan, ka, 10k, ki, se, ke, paise","0.0559, 0.0218, 0.0158, 0.0142, 0.0142, 0.0137, 0.0132, 0.0131, 0.013, 0.0129"
71,"marks, aa, mere, tha, hai, bhi, percentile, toh, se, mein","0.0235, 0.0174, 0.0154, 0.015, 0.0145, 0.014, 0.0133, 0.0128, 0.0123, 0.0123"
72,"sem, cgpa, cg, 4th, companies, in, 1st, 5th, 3rd, backlogs","0.0758, 0.0648, 0.022, 0.0119, 0.0113, 0.0105, 0.0086, 0.0085, 0.0084, 0.0082"
73,"widt, redd, https, png, jpeg, it, bro, 09vlz, target_type, srid","0.1876, 0.1876, 0.1875, 0.1515, 0.0917, 0.0386, 0.0146, 0.0122, 0.0122, 0.0122"
74,"11th, 12th, wasted, barbaad, ke, mein, 11, 10th, hai, se","0.117, 0.0388, 0.0163, 0.014, 0.0121, 0.011, 0.01, 0.0099, 0.0095, 0.0094"
75,"physics, chemistry, chem, maths, physical, phy, mein, hai, aur, ke","0.0866, 0.0557, 0.0429, 0.0416, 0.0162, 0.0139, 0.0125, 0.0111, 0.0108, 0.0104"
76,"3s2, 4s1, 4s2, 2s2, 3s1, 7s2, 8s2, 7s1, 2s1, 5s2","0.0964, 0.0782, 0.0774, 0.0768, 0.0714, 0.0355, 0.0326, 0.0298, 0.0251, 0.023"
77,"jeeneetards, jeetard, neetard, jeeneetard, jeetards, neetards, anthem, sub, ex, subreddit","0.1446, 0.1057, 0.0835, 0.0396, 0.0373, 0.0328, 0.0179, 0.0162, 0.0132, 0.0127"
78,"sleep, study, hours, day, studying, time, you, to, and, your","0.0171, 0.0131, 0.0127, 0.0126, 0.0117, 0.01, 0.0088, 0.0086, 0.0083, 0.0081"
79,"luck, good, best, too, of, lucky, bro, wish, man, you","0.1446, 0.0397, 0.0363, 0.0158, 0.0141, 0.0107, 0.0106, 0.0103, 0.0102, 0.0096"
80,"maine, tha, kiya, diya, nahi, bhi, hai, bola, se, hi","0.1246, 0.0261, 0.0248, 0.0168, 0.015, 0.0142, 0.0141, 0.0131, 0.0118, 0.0115"
81,"paper, tha, ka, ke, hai, nahi, gaya, mein, bhi, se","0.1344, 0.0178, 0.0132, 0.0128, 0.01, 0.0098, 0.0095, 0.0091, 0.0088, 0.0087"
82,"yeah, true, yes, sense, makes, accurate, agree, right, guess, is","0.0849, 0.0695, 0.0547, 0.044, 0.0282, 0.0272, 0.026, 0.0132, 0.0114, 0.0113"
83,"mods, kardo, karle, please, approve, krdo, pls, add, help, bhai","0.1241, 0.1114, 0.0741, 0.0664, 0.0662, 0.0568, 0.0276, 0.0271, 0.0221, 0.0213"
84,"mkc, na, bhai, mere, nahi, toh, tha, bhi, koi, hun","0.0406, 0.0352, 0.0272, 0.0254, 0.0237, 0.0231, 0.0195, 0.0183, 0.0177, 0.0174"
85,"april, attempt, jan, abhi, ke, mein, bhi, liye, hai, shift","0.1319, 0.0606, 0.0259, 0.0118, 0.0115, 0.0108, 0.0106, 0.0098, 0.0092, 0.0089"
86,"sorry, bhai, loss, for, am, ignore, im, oh, hear, but","0.1657, 0.012, 0.0119, 0.0095, 0.0092, 0.0092, 0.0085, 0.0077, 0.0075, 0.0074"
87,"health, mental, help, your, you, to, therapy, talk, school, and","0.0146, 0.0138, 0.0129, 0.0117, 0.0104, 0.0095, 0.0088, 0.0086, 0.0085, 0.0082"
88,"10, 10th, class, tha, 9th, mein, ka, olympiad, ke, bhi","0.0901, 0.0597, 0.0177, 0.0129, 0.0117, 0.0105, 0.009, 0.0086, 0.0085, 0.0081"
89,"drop, le, lena, lene, mat, nahi, bhi, lele, bhai, raha","0.1021, 0.0355, 0.0262, 0.0236, 0.0145, 0.0141, 0.0138, 0.0135, 0.0132, 0.013"
90,"bsdk, bkl, pdhle, tu, padle, hai, padhle, ja, kya, ye","0.2172, 0.0957, 0.0296, 0.0202, 0.0176, 0.0162, 0.0134, 0.0123, 0.0122, 0.012"
91,"padhle_bsdk, padhle, bsdkk, block, padh_le_bsdk, unblock, bsdk, tu, bot, abhi","0.4117, 0.1506, 0.0764, 0.0218, 0.0177, 0.0167, 0.016, 0.0145, 0.0129, 0.0121"
92,"dm, can, hey, please, check, bro, mein, help, you, if","0.2333, 0.0348, 0.0233, 0.0159, 0.0155, 0.0154, 0.0146, 0.0132, 0.0126, 0.0103"
93,"bas, hai, nahi, bhai, abhi, se, ki, hi, ho, toh","0.1208, 0.0168, 0.0138, 0.013, 0.012, 0.0106, 0.0102, 0.0101, 0.0101, 0.01"
94,"happy, birthday, op, bday, bro, redd, widt, https, jpeg, belated","0.2376, 0.1818, 0.0606, 0.0168, 0.0118, 0.0116, 0.0116, 0.0115, 0.0102, 0.0093"
95,"exam, boards, plan, dene, kya, ke, board, liye, hai, ka","0.0712, 0.0528, 0.0267, 0.0217, 0.0182, 0.0175, 0.0162, 0.0158, 0.0149, 0.0136"
96,"cutoff, clear, ka, nahi, bhi, hai, shift, ki, hua, hoga","0.1618, 0.0404, 0.0122, 0.012, 0.0118, 0.0111, 0.0105, 0.0104, 0.0103, 0.0101"
97,"my, was, myself, that, and, it, to, the, had, of","0.0142, 0.012, 0.0094, 0.0088, 0.0088, 0.0085, 0.0084, 0.0083, 0.0077, 0.0076"
98,"99, par, 98, 97, 95, aa, aayegi, bhai, 180, banegi","0.1755, 0.0286, 0.0286, 0.0265, 0.0138, 0.0136, 0.0124, 0.012, 0.012, 0.0118"
99,"maths, se, aur, ke, chem, hai, chapter, organic, ncert, toh","0.0199, 0.019, 0.0184, 0.0179, 0.0146, 0.0141, 0.0129, 0.0127, 0.0124, 0.0124"
100,"ile, 99, 98, percentile, 97, 95, 96, marks, 80, 94","0.1404, 0.0669, 0.0643, 0.0568, 0.0347, 0.0243, 0.022, 0.0198, 0.0181, 0.0165"
101,"semester, classes, class, the, take, my, taking, of, course, to","0.0278, 0.0207, 0.0125, 0.0103, 0.0093, 0.0089, 0.0086, 0.0085, 0.0083, 0.0082"
102,"50, lakh, under, 40, 500, rank, 300, 1k, upi, 1000","0.0856, 0.047, 0.0419, 0.0314, 0.0305, 0.0279, 0.0237, 0.0202, 0.0186, 0.0179"
103,"26, 25, tard, 25tard, 26tard, 26tards, tards, 27tard, ko, 27tards","0.1047, 0.0771, 0.0715, 0.0513, 0.0508, 0.0374, 0.0371, 0.0207, 0.0192, 0.0181"
104,"dm, kardiya, krle, check, krde, kar, bhai, skta, karo, pin","0.1483, 0.1006, 0.0659, 0.0581, 0.0437, 0.0426, 0.0367, 0.0314, 0.0287, 0.0229"
105,"aap, ho, apne, yaha, rahe, bhaiya, kya, ko, bhai, toh","0.1743, 0.0333, 0.0249, 0.0163, 0.0151, 0.0128, 0.0125, 0.0124, 0.0124, 0.0118"
106,"delete, karde, account, reddit, kar, post, remove, comment, diya, insta","0.1453, 0.0398, 0.0398, 0.0283, 0.023, 0.021, 0.0197, 0.0172, 0.0155, 0.0121"
107,"worry, don, worries, no, dont, bhai, chill, strong, stay, about","0.1197, 0.034, 0.0193, 0.0167, 0.0163, 0.015, 0.015, 0.013, 0.0124, 0.0118"
108,"how, did, much, series, score, test, you, prep, do, ur","0.0749, 0.0669, 0.0244, 0.023, 0.0207, 0.0186, 0.0122, 0.0104, 0.0095, 0.0094"
109,"drop, take, taking, second, 2nd, then, for, grind, don, took","0.1119, 0.0374, 0.0299, 0.0174, 0.0173, 0.0083, 0.0082, 0.008, 0.0076, 0.0076"
110,"tension, le, mat, stress, bhai, hai, ho, sab, lo, nahi","0.1197, 0.0412, 0.0347, 0.0254, 0.0156, 0.0126, 0.0124, 0.012, 0.0117, 0.0117"
111,"chud_gaye_guru, chud_gaye, guru, gaye_guru, chud_gaya_guru, xhud, chudgye, chud_gaya, moment, guruuu","0.5682, 0.1366, 0.1349, 0.0869, 0.038, 0.0348, 0.0232, 0.0193, 0.0181, 0.0175"
112,"bro, facts, thinks, is, his, asking, real, lil, damn, chill","0.171, 0.0148, 0.0146, 0.0095, 0.0086, 0.0081, 0.008, 0.0078, 0.0066, 0.0065"
113,"gate, prepare, for, preparing, mtech, cs, job, in, if, you","0.0843, 0.0145, 0.0123, 0.0119, 0.0114, 0.0111, 0.011, 0.0094, 0.0087, 0.0083"
114,"result, ke, ka, nahi, baad, din, aayega, hi, hai, abhi","0.1476, 0.0127, 0.0114, 0.0112, 0.0109, 0.0109, 0.01, 0.01, 0.0098, 0.0095"
115,"pookie, chad, sigma, padhlo, emoji, haha, hahaha, baba, chaddi, funny","0.105, 0.0925, 0.0907, 0.0873, 0.0796, 0.079, 0.0627, 0.0427, 0.0388, 0.0285"
116,"adhd, diagnosed, with, and, my, have, to, it, medication, the","0.0628, 0.012, 0.0095, 0.0087, 0.0086, 0.0085, 0.0085, 0.0084, 0.008, 0.0078"
117,"us, moment, bhai, momint, hogya, we, our, bro, of, the","0.1801, 0.0731, 0.0146, 0.0122, 0.0119, 0.009, 0.0085, 0.008, 0.0069, 0.0067"
118,"padh, mat, muth, le, soja, bolo, bhai, padhne, lund, ja","0.0985, 0.0827, 0.0625, 0.0294, 0.0288, 0.026, 0.0243, 0.0227, 0.0196, 0.019"
119,"birthday, happy, cake, bday, day, bhai, wish, din, belated, 18","0.1874, 0.134, 0.0967, 0.0531, 0.0356, 0.0253, 0.0173, 0.0152, 0.0142, 0.0139"
120,"lmao, bruh, fr, lmaoo, lol, lmfao, xd, this, is, even","0.1571, 0.1121, 0.0116, 0.0094, 0.0085, 0.0076, 0.0071, 0.0068, 0.006, 0.0059"
121,"tier, tier_3, college, colleges, 69, bits, nit, cse, top, from","0.1231, 0.0572, 0.0255, 0.0144, 0.0134, 0.0122, 0.0113, 0.0112, 0.009, 0.0088"
122,"hope, wish, best, brother, all, you, well, god, life, soon","0.1098, 0.0376, 0.027, 0.0175, 0.0148, 0.0125, 0.0121, 0.0102, 0.0101, 0.01"
123,"resume, share, hiring, send, your, can, diversity, link, on, you","0.1057, 0.0421, 0.0278, 0.0173, 0.016, 0.0135, 0.0127, 0.0117, 0.0109, 0.0104"
124,"what, now, mf, did, doing, does, how, do, are, where","0.0839, 0.0438, 0.0328, 0.0314, 0.0303, 0.0257, 0.0216, 0.0209, 0.0209, 0.0157"
125,"12, 12th, th, mein, ka, ke, 11, 11th, se, hai","0.0884, 0.0828, 0.0139, 0.0117, 0.0113, 0.0098, 0.0097, 0.0093, 0.0088, 0.0088"
126,"32, savevideo, profanitycounter, removal, request, feedback, view, subject, content, contradicts","0.7381, 0.3098, 0.2689, 0.1241, 0.1227, 0.1082, 0.1064, 0.1053, 0.0874, 0.079"
127,"thank, ok, okay, thanks, alright, oh, you, bhai, brother, okk","0.194, 0.1494, 0.1382, 0.0678, 0.0552, 0.0549, 0.0212, 0.0202, 0.0193, 0.0176"
128,"study, after, exams, wait, teacher, my, before, exam, studying, thats","0.0494, 0.0309, 0.0279, 0.0185, 0.0165, 0.0118, 0.0114, 0.0111, 0.01, 0.0099"
129,"college, which, where, did, are, from, sbi, you, btw, join","0.0571, 0.0503, 0.0256, 0.0208, 0.0154, 0.0153, 0.0123, 0.0119, 0.0114, 0.0108"
130,"boat, same, we, in, am, the, as, on, are, my","0.145, 0.0522, 0.0265, 0.0157, 0.0131, 0.0118, 0.0103, 0.0097, 0.0096, 0.0081"
131,"thanks, advice, for, man, bro, appreciate, lot, sharing, reply, mate","0.2385, 0.0318, 0.0296, 0.0196, 0.0195, 0.019, 0.0164, 0.0155, 0.0142, 0.0125"
132,"know, didn, idea, wrong, damn, oh, what, don, didnt, understand","0.062, 0.0491, 0.0335, 0.0219, 0.018, 0.0176, 0.0157, 0.0154, 0.0133, 0.0132"
133,"you, life, yourself, your, re, it, are, that, we, is","0.0134, 0.0132, 0.012, 0.0111, 0.0089, 0.0088, 0.0084, 0.0081, 0.008, 0.008"
134,"kaise, kaha, wtf, bhai, ayo, liya, kya, hai, confirm, pw","0.1455, 0.0417, 0.026, 0.0257, 0.0255, 0.0216, 0.0198, 0.0182, 0.0176, 0.017"
135,"notes, problems, the, lecture, class, material, test, lectures, understand, practice","0.0188, 0.016, 0.0132, 0.0125, 0.0111, 0.011, 0.0098, 0.0096, 0.0092, 0.009"
136,"advance, advanced, mains, qualify, ke, liye, level, mein, rank, nahi","0.1235, 0.0495, 0.0438, 0.0212, 0.0144, 0.0128, 0.0126, 0.0109, 0.0106, 0.01"
137,"sad, win, reality, lose, man, that, feel, is, this, brutal","0.1275, 0.0354, 0.0225, 0.0154, 0.0123, 0.0105, 0.0096, 0.0092, 0.0091, 0.0078"
138,"parents, them, tell, your, she, they, my, police, her, their","0.0742, 0.0147, 0.0146, 0.013, 0.0125, 0.0113, 0.0103, 0.01, 0.0092, 0.009"
139,"bc, ye, hai, kya, nahi, hi, bhi, tha, ki, ka","0.1706, 0.0155, 0.0154, 0.0135, 0.0113, 0.0106, 0.0105, 0.0098, 0.0095, 0.0094"
140,"year, 1st, 3rd, first, 2nd, sem, 4th, in, yr, second","0.0804, 0.0405, 0.0358, 0.0338, 0.032, 0.017, 0.0134, 0.0116, 0.0114, 0.0106"
141,"username, checks, flair, out, checkout, user, name, nice, your, sub","0.3267, 0.1753, 0.084, 0.0482, 0.0232, 0.0207, 0.0174, 0.0101, 0.0099, 0.0099"
142,"gym, sleep, exercise, eat, body, diet, day, workout, your, and","0.0309, 0.0268, 0.0242, 0.0143, 0.014, 0.0111, 0.0098, 0.0096, 0.009, 0.0089"
143,"best, all, the, brother, bro, your, try, for, future, do","0.1315, 0.0691, 0.0207, 0.0161, 0.0141, 0.0102, 0.0095, 0.0088, 0.0085, 0.0079"
144,"last, year, tha, thi, line, mein, round, nahi, ke, hai","0.1168, 0.041, 0.0162, 0.0115, 0.0111, 0.009, 0.0084, 0.0075, 0.0075, 0.0075"
145,"milega, milegi, mein, gand, muh, ghee, shakkar, iit, mila, hu","0.0835, 0.0478, 0.0471, 0.0363, 0.0332, 0.0318, 0.0316, 0.03, 0.028, 0.0271"
146,"utm, utmmedium, web3x, web3xcss, utmname, utmterm, utmcontent, sharebutton, medium, androidcss","0.2728, 0.2151, 0.1859, 0.1859, 0.1769, 0.1746, 0.1561, 0.1279, 0.1266, 0.0845"
147,"min, 5th, root, mahine, ruk, floor, gta, kardi, din, ghar","0.0486, 0.0445, 0.0298, 0.0292, 0.0277, 0.0214, 0.0186, 0.0166, 0.0164, 0.0162"
148,"karo, solve, karna, question, ke, se, questions, aur, practice, pyqs","0.0198, 0.014, 0.0132, 0.0131, 0.0129, 0.0121, 0.0115, 0.0107, 0.0106, 0.0105"
149,"city, bangalore, from, bihar, live, bengal, which, home, bengali, where","0.1052, 0.0539, 0.0485, 0.0484, 0.032, 0.0269, 0.0262, 0.0222, 0.0203, 0.0187"
150,"spacex, startup, space, mars, pay, at, higher, more, working, work","0.0835, 0.049, 0.0292, 0.0168, 0.0134, 0.0132, 0.0118, 0.0116, 0.0107, 0.0104"
151,"which, name, college, collage, konse, btw, community, shame, song, university","0.1287, 0.0763, 0.0498, 0.024, 0.0236, 0.0212, 0.0207, 0.0203, 0.014, 0.0138"
