run_id,umap_n_neighbors,umap_min_dist,umap_n_components,hdbscan_min_cluster_size,hdbscan_min_samples,status
1,10,0.0,5,30,5,PENDING
2,10,0.0,5,30,10,PENDING
3,10,0.0,5,30,15,PENDING
4,10,0.0,5,50,5,PENDING
5,10,0.0,5,50,10,PENDING
6,10,0.0,5,50,15,PENDING
7,10,0.0,5,100,5,PENDING
8,10,0.0,5,100,10,PENDING
9,10,0.0,5,100,15,PENDING
10,10,0.0,5,150,5,PENDING
11,10,0.0,5,150,10,PENDING
12,10,0.0,5,150,15,PENDING
13,10,0.0,10,30,5,PENDING
14,10,0.0,10,30,10,PENDING
15,10,0.0,10,30,15,PENDING
16,10,0.0,10,50,5,PENDING
17,10,0.0,10,50,10,PENDING
18,10,0.0,10,50,15,PENDING
19,10,0.0,10,100,5,PENDING
20,10,0.0,10,100,10,PENDING
21,10,0.0,10,100,15,PENDING
22,10,0.0,10,150,5,PENDING
23,10,0.0,10,150,10,PENDING
24,10,0.0,10,150,15,PENDING
25,10,0.1,5,30,5,PENDING
26,10,0.1,5,30,10,PENDING
27,10,0.1,5,30,15,PENDING
28,10,0.1,5,50,5,PENDING
29,10,0.1,5,50,10,PENDING
30,10,0.1,5,50,15,PENDING
31,10,0.1,5,100,5,PENDING
32,10,0.1,5,100,10,PENDING
33,10,0.1,5,100,15,PENDING
34,10,0.1,5,150,5,PENDING
35,10,0.1,5,150,10,PENDING
36,10,0.1,5,150,15,PENDING
37,10,0.1,10,30,5,PENDING
38,10,0.1,10,30,10,PENDING
39,10,0.1,10,30,15,PENDING
40,10,0.1,10,50,5,PENDING
41,10,0.1,10,50,10,PENDING
42,10,0.1,10,50,15,PENDING
43,10,0.1,10,100,5,PENDING
44,10,0.1,10,100,10,PENDING
45,10,0.1,10,100,15,PENDING
46,10,0.1,10,150,5,PENDING
47,10,0.1,10,150,10,PENDING
48,10,0.1,10,150,15,PENDING
49,10,0.3,5,30,5,PENDING
50,10,0.3,5,30,10,PENDING
51,10,0.3,5,30,15,PENDING
52,10,0.3,5,50,5,PENDING
53,10,0.3,5,50,10,PENDING
54,10,0.3,5,50,15,PENDING
55,10,0.3,5,100,5,PENDING
56,10,0.3,5,100,10,PENDING
57,10,0.3,5,100,15,PENDING
58,10,0.3,5,150,5,PENDING
59,10,0.3,5,150,10,PENDING
60,10,0.3,5,150,15,PENDING
61,10,0.3,10,30,5,PENDING
62,10,0.3,10,30,10,PENDING
63,10,0.3,10,30,15,PENDING
64,10,0.3,10,50,5,PENDING
65,10,0.3,10,50,10,PENDING
66,10,0.3,10,50,15,PENDING
67,10,0.3,10,100,5,PENDING
68,10,0.3,10,100,10,PENDING
69,10,0.3,10,100,15,PENDING
70,10,0.3,10,150,5,PENDING
71,10,0.3,10,150,10,PENDING
72,10,0.3,10,150,15,PENDING
73,15,0.0,5,30,5,PENDING
74,15,0.0,5,30,10,PENDING
75,15,0.0,5,30,15,PENDING
76,15,0.0,5,50,5,PENDING
77,15,0.0,5,50,10,PENDING
78,15,0.0,5,50,15,PENDING
79,15,0.0,5,100,5,PENDING
80,15,0.0,5,100,10,PENDING
81,15,0.0,5,100,15,PENDING
82,15,0.0,5,150,5,PENDING
83,15,0.0,5,150,10,PENDING
84,15,0.0,5,150,15,PENDING
85,15,0.0,10,30,5,PENDING
86,15,0.0,10,30,10,PENDING
87,15,0.0,10,30,15,PENDING
88,15,0.0,10,50,5,PENDING
89,15,0.0,10,50,10,PENDING
90,15,0.0,10,50,15,PENDING
91,15,0.0,10,100,5,PENDING
92,15,0.0,10,100,10,PENDING
93,15,0.0,10,100,15,PENDING
94,15,0.0,10,150,5,PENDING
95,15,0.0,10,150,10,PENDING
96,15,0.0,10,150,15,PENDING
97,15,0.1,5,30,5,PENDING
98,15,0.1,5,30,10,PENDING
99,15,0.1,5,30,15,PENDING
100,15,0.1,5,50,5,PENDING
101,15,0.1,5,50,10,PENDING
102,15,0.1,5,50,15,PENDING
103,15,0.1,5,100,5,PENDING
104,15,0.1,5,100,10,PENDING
105,15,0.1,5,100,15,PENDING
106,15,0.1,5,150,5,PENDING
107,15,0.1,5,150,10,PENDING
108,15,0.1,5,150,15,PENDING
109,15,0.1,10,30,5,PENDING
110,15,0.1,10,30,10,PENDING
111,15,0.1,10,30,15,PENDING
112,15,0.1,10,50,5,PENDING
113,15,0.1,10,50,10,PENDING
114,15,0.1,10,50,15,PENDING
115,15,0.1,10,100,5,PENDING
116,15,0.1,10,100,10,PENDING
117,15,0.1,10,100,15,PENDING
118,15,0.1,10,150,5,PENDING
119,15,0.1,10,150,10,PENDING
120,15,0.1,10,150,15,PENDING
121,15,0.3,5,30,5,PENDING
122,15,0.3,5,30,10,PENDING
123,15,0.3,5,30,15,PENDING
124,15,0.3,5,50,5,PENDING
125,15,0.3,5,50,10,PENDING
126,15,0.3,5,50,15,PENDING
127,15,0.3,5,100,5,PENDING
128,15,0.3,5,100,10,PENDING
129,15,0.3,5,100,15,PENDING
130,15,0.3,5,150,5,PENDING
131,15,0.3,5,150,10,PENDING
132,15,0.3,5,150,15,PENDING
133,15,0.3,10,30,5,PENDING
134,15,0.3,10,30,10,PENDING
135,15,0.3,10,30,15,PENDING
136,15,0.3,10,50,5,PENDING
137,15,0.3,10,50,10,PENDING
138,15,0.3,10,50,15,PENDING
139,15,0.3,10,100,5,PENDING
140,15,0.3,10,100,10,PENDING
141,15,0.3,10,100,15,PENDING
142,15,0.3,10,150,5,PENDING
143,15,0.3,10,150,10,PENDING
144,15,0.3,10,150,15,PENDING
145,25,0.0,5,30,5,PENDING
146,25,0.0,5,30,10,PENDING
147,25,0.0,5,30,15,PENDING
148,25,0.0,5,50,5,PENDING
149,25,0.0,5,50,10,PENDING
150,25,0.0,5,50,15,PENDING
151,25,0.0,5,100,5,PENDING
152,25,0.0,5,100,10,PENDING
153,25,0.0,5,100,15,PENDING
154,25,0.0,5,150,5,PENDING
155,25,0.0,5,150,10,PENDING
156,25,0.0,5,150,15,PENDING
157,25,0.0,10,30,5,PENDING
158,25,0.0,10,30,10,PENDING
159,25,0.0,10,30,15,PENDING
160,25,0.0,10,50,5,PENDING
161,25,0.0,10,50,10,PENDING
162,25,0.0,10,50,15,PENDING
163,25,0.0,10,100,5,PENDING
164,25,0.0,10,100,10,PENDING
165,25,0.0,10,100,15,PENDING
166,25,0.0,10,150,5,PENDING
167,25,0.0,10,150,10,PENDING
168,25,0.0,10,150,15,PENDING
169,25,0.1,5,30,5,PENDING
170,25,0.1,5,30,10,PENDING
171,25,0.1,5,30,15,PENDING
172,25,0.1,5,50,5,PENDING
173,25,0.1,5,50,10,PENDING
174,25,0.1,5,50,15,PENDING
175,25,0.1,5,100,5,PENDING
176,25,0.1,5,100,10,PENDING
177,25,0.1,5,100,15,PENDING
178,25,0.1,5,150,5,PENDING
179,25,0.1,5,150,10,PENDING
180,25,0.1,5,150,15,PENDING
181,25,0.1,10,30,5,PENDING
182,25,0.1,10,30,10,PENDING
183,25,0.1,10,30,15,PENDING
184,25,0.1,10,50,5,PENDING
185,25,0.1,10,50,10,PENDING
186,25,0.1,10,50,15,PENDING
187,25,0.1,10,100,5,PENDING
188,25,0.1,10,100,10,PENDING
189,25,0.1,10,100,15,PENDING
190,25,0.1,10,150,5,PENDING
191,25,0.1,10,150,10,PENDING
192,25,0.1,10,150,15,PENDING
193,25,0.3,5,30,5,PENDING
194,25,0.3,5,30,10,PENDING
195,25,0.3,5,30,15,PENDING
196,25,0.3,5,50,5,PENDING
197,25,0.3,5,50,10,PENDING
198,25,0.3,5,50,15,PENDING
199,25,0.3,5,100,5,PENDING
200,25,0.3,5,100,10,PENDING
201,25,0.3,5,100,15,PENDING
202,25,0.3,5,150,5,PENDING
203,25,0.3,5,150,10,PENDING
204,25,0.3,5,150,15,PENDING
205,25,0.3,10,30,5,PENDING
206,25,0.3,10,30,10,PENDING
207,25,0.3,10,30,15,PENDING
208,25,0.3,10,50,5,PENDING
209,25,0.3,10,50,10,PENDING
210,25,0.3,10,50,15,PENDING
211,25,0.3,10,100,5,PENDING
212,25,0.3,10,100,10,PENDING
213,25,0.3,10,100,15,PENDING
214,25,0.3,10,150,5,PENDING
215,25,0.3,10,150,10,PENDING
216,25,0.3,10,150,15,PENDING
217,50,0.0,5,30,5,PENDING
218,50,0.0,5,30,10,PENDING
219,50,0.0,5,30,15,PENDING
220,50,0.0,5,50,5,PENDING
221,50,0.0,5,50,10,PENDING
222,50,0.0,5,50,15,PENDING
223,50,0.0,5,100,5,PENDING
224,50,0.0,5,100,10,PENDING
225,50,0.0,5,100,15,PENDING
226,50,0.0,5,150,5,PENDING
227,50,0.0,5,150,10,PENDING
228,50,0.0,5,150,15,PENDING
229,50,0.0,10,30,5,PENDING
230,50,0.0,10,30,10,PENDING
231,50,0.0,10,30,15,PENDING
232,50,0.0,10,50,5,PENDING
233,50,0.0,10,50,10,PENDING
234,50,0.0,10,50,15,PENDING
235,50,0.0,10,100,5,PENDING
236,50,0.0,10,100,10,PENDING
237,50,0.0,10,100,15,PENDING
238,50,0.0,10,150,5,PENDING
239,50,0.0,10,150,10,PENDING
240,50,0.0,10,150,15,PENDING
241,50,0.1,5,30,5,PENDING
242,50,0.1,5,30,10,PENDING
243,50,0.1,5,30,15,PENDING
244,50,0.1,5,50,5,PENDING
245,50,0.1,5,50,10,PENDING
246,50,0.1,5,50,15,PENDING
247,50,0.1,5,100,5,PENDING
248,50,0.1,5,100,10,PENDING
249,50,0.1,5,100,15,PENDING
250,50,0.1,5,150,5,PENDING
251,50,0.1,5,150,10,PENDING
252,50,0.1,5,150,15,PENDING
253,50,0.1,10,30,5,PENDING
254,50,0.1,10,30,10,PENDING
255,50,0.1,10,30,15,PENDING
256,50,0.1,10,50,5,PENDING
257,50,0.1,10,50,10,PENDING
258,50,0.1,10,50,15,PENDING
259,50,0.1,10,100,5,PENDING
260,50,0.1,10,100,10,PENDING
261,50,0.1,10,100,15,PENDING
262,50,0.1,10,150,5,PENDING
263,50,0.1,10,150,10,PENDING
264,50,0.1,10,150,15,PENDING
265,50,0.3,5,30,5,PENDING
266,50,0.3,5,30,10,PENDING
267,50,0.3,5,30,15,PENDING
268,50,0.3,5,50,5,PENDING
269,50,0.3,5,50,10,PENDING
270,50,0.3,5,50,15,PENDING
271,50,0.3,5,100,5,PENDING
272,50,0.3,5,100,10,PENDING
273,50,0.3,5,100,15,PENDING
274,50,0.3,5,150,5,PENDING
275,50,0.3,5,150,10,PENDING
276,50,0.3,5,150,15,PENDING
277,50,0.3,10,30,5,PENDING
278,50,0.3,10,30,10,PENDING
279,50,0.3,10,30,15,PENDING
280,50,0.3,10,50,5,PENDING
281,50,0.3,10,50,10,PENDING
282,50,0.3,10,50,15,PENDING
283,50,0.3,10,100,5,PENDING
284,50,0.3,10,100,10,PENDING
285,50,0.3,10,100,15,PENDING
286,50,0.3,10,150,5,PENDING
287,50,0.3,10,150,10,PENDING
288,50,0.3,10,150,15,PENDING
