stopword_or_artifact,raw_frequency
24tard,382
25tard,549
26tard,614
ab,5955
amp,8
apna,724
apne,1374
apni,760
aur,14905
bhai,4015
bhi,17090
bro,856
comment,816
deleted,190
do,46692
educational,252
ek,5473
haan,165
hai,32343
ham,190
hi,11617
ho,9931
hu,6027
hua,2428
hui,601
hum,395
info,479
is,100534
ka,11382
kar,8239
ke,17443
ki,19928
ko,6324
koi,5400
kuch,8443
kya,7296
mai,9007
main,4693
mein,6701
mera,3532
mere,5158
meri,2768
mujhe,5417
nahi,26831
par,3176
post,5414
reddit,1708
removed,200
se,15789
subreddit,605
tera,150
tere,139
teri,112
tha,10381
the,224137
thi,2298
title,1385
to,271019
toh,10146
tum,1121
tumhara,165
us,4969
wo,2074
woh,1278
ya,3196
ye,5134
